<?xml version='1.0' encoding='utf-8'?>
<!DOCTYPE hibernate-configuration PUBLIC
    "-//Hibernate/Hibernate Configuration DTD//EN"
    "http://www.hibernate.org/dtd/hibernate-configuration-3.0.dtd">
<hibernate-configuration>
  <session-factory>
    <property name="hibernate.dialect">org.hibernate.dialect.MySQLDialect</property>
    <property name="connection.url">jdbc:mysql://localhost:3306/empresa</property>
    <property name="connection.driver_class">com.mysql.jdbc.Driver</property>
    <property name="connection.username">root</property>
    <property name="connection.password"></property>
    <!-- DB schema will be updated if needed -->
    <!-- <property name="hibernate.hbm2ddl.auto">update</property> -->
    <!-- mapeamos las entidades y que lo haga de forma automática -->
    <mapping class="org.example.Departamento"></mapping>
    <mapping class="org.example.Empleado"></mapping>

  </session-factory>
</hibernate-configuration>